# Chengyin authored offline transition baseline; MIT (repository LICENSE).
# Previous suffix<TAB>continuation<TAB>weight. Not a trained corpus.
我	喜欢	1000
我	爱	850
我	想	900
我	知道	800
我	觉得	700
我	可以	600
我	需要	500
我	已经	400
我	也	300
我	在	200
我	会	100
你	好	1000
你	可以	900
你	觉得	800
你	知道	700
你	需要	600
你好	世界	1000
你好	朋友	800
你好	很高兴认识你	600
喜欢	中文	1000
喜欢	学习	700
喜欢	音乐	600
喜欢	这个	500
想	要	1000
想	知道	800
想	学习	600
今天	天气	1000
今天	晚上	900
今天	下午	800
今天	早上	700
天气	很好	1000
天气	不错	800
天气	预报	600
我们	明天	1000
我们	一起	900
我们	可以	800
我们	的	700
明天	见	1000
明天	再说	900
明天	上午	800
中国	人民	1000
中国	文化	900
中国	经济	800
中国	历史	700
中国	发展	600
中华	人民	1000
人民	共和国	1000
输入	法	1000
输入	文字	800
中文	输入法	1000
中文	学习	800
中文	词库	700
人工	智能	1000
智能	联想	900
智能	输入	800
开源	项目	1000
开源	软件	900
开源	词库	800
软件	开发	1000
软件	更新	800
性能	优化	1000
兼容	性	1000
操作	系统	1000
计算机	科学	1000
用户	体验	1000
用户	词库	800
词库	导入	1000
词库	更新	800
学习	中文	1000
学习	方法	800
工作	顺利	1000
工作	计划	800
新年	快乐	1000
生日	快乐	1000
谢谢	你	1000
谢谢	大家	900
谢谢	支持	800
不客气	下次见	500
欢迎	使用	1000
欢迎	回来	800
早上	好	1000
晚上	好	1000
周末	愉快	1000
已经	完成	1000
已经	开始	800
请	稍等	1000
请	注意	800
请	帮忙	700
可以	使用	1000
可以	继续	900
需要	帮助	1000
需要	时间	800
好的	谢谢	1000
没问题	谢谢	800
没有	问题	1000
非常	感谢	1000
非常	好	900
非常	重要	800
一切	顺利	1000
信息	技术	1000
网络	安全	1000
电子	邮件	1000
手机	号码	1000
联系	方式	1000
现在	开始	1000
现在	可以	900
