# Hand-authored demonstration lexicon; MIT, see ../LICENSE.
# canonical pinyin (apostrophe-separated syllables) TAB text TAB relative frequency
ni	你	1000
ni	尼	100
ni	呢	80
hao	好	1000
hao	号	500
ni'hao	你好	3000
ni'hao'ma	你好吗	1800
nin	您	900
nin'hao	您好	1200
wo	我	2000
wo'men	我们	2200
wo'ai'ni	我爱你	1800
wo'shi	我是	1700
shi	是	5000
shi	时	3000
shi	事	2800
shi	市	2600
shi	十	2400
shi	使	2200
shi	式	2000
shi	试	1800
shi	师	1600
shi	诗	1400
shi'jie	世界	2300
ni'hao'shi'jie	你好世界	2000
zhong	中	3000
zhong	种	1500
zhong'guo	中国	4000
zhong'wen	中文	3500
zhong'guo'ren	中国人	2500
zhong'hua	中华	1800
ren	人	3000
ren'min	人民	2200
gong'he'guo	共和国	1800
zhong'hua'ren'min'gong'he'guo	中华人民共和国	2100
shu	书	900
shu'ru	输入	2500
shu'ru'fa	输入法	3000
zhong'wen'shu'ru'fa	中文输入法	2000
pin'yin	拼音	2000
quan'pin	全拼	1800
shuang'pin	双拼	1700
kuai	快	1500
kuai'su	快速	1800
xing'neng	性能	2100
jian'rong	兼容	1800
jian'rong'xing	兼容性	1900
xi'tong	系统	2200
ruan'jian	软件	2000
ying'yong	应用	2000
ce'shi	测试	2200
cheng'xu	程序	2000
kai'fa	开发	2100
kai'yuan	开源	1900
ji'suan'ji	计算机	2000
dian'nao	电脑	2100
shou'ji	手机	2200
an'zhuo	安卓	1800
zhuo'mian	桌面	1800
chuang'kou	窗口	1700
xian	先	2400
xian	线	1800
xi'an	西安	2000
xi	西	1400
an	安	1400
lv	绿	1300
lv	吕	900
lv'se	绿色	1400
nv	女	1800
nv'er	女儿	1700
xie'xie	谢谢	2300
zai'jian	再见	2200
qing	请	2100
qing'wen	请问	2200
dui'bu'qi	对不起	1900
mei'guan'xi	没关系	1800
jin'tian	今天	2400
ming'tian	明天	2300
zuo'tian	昨天	2200
shi'jian	时间	2400
ri'qi	日期	1900
tian'qi	天气	2000
bei'jing	北京	2500
shang'hai	上海	2400
guang'zhou	广州	2200
shen'zhen	深圳	2200
hang'zhou	杭州	2100
xue'xi	学习	2300
gong'zuo	工作	2500
sheng'huo	生活	2300
wen'jian	文件	2000
bao'cun	保存	1900
qu'xiao	取消	1800
que'ding	确定	1900
she'zhi	设置	2000
huan'ying	欢迎	2100
shi'yong	使用	2200
huan'ying'shi'yong	欢迎使用	2300
